date	total	linux-64	linux-aarch64	noarch	osx-64	osx-arm64
2021-05-19	97277250					
2021-05-20	97340199					
2021-05-21	97452505					
2021-05-22	97503596					
2021-05-23	97555197					
2021-05-24	97606689					
2021-05-25	97711223					
2021-05-26	97776827					
2021-05-27	97866708					
2021-05-28	98013757					
2021-05-29	98093359					
2021-05-30	98139886					
2021-05-31	98218481					
2021-06-02	98463874					
2021-06-04	98730095					
2021-06-05	98823607					
2021-06-06	98910679					
2021-06-07	99013002					
2021-06-08	99097285					
2021-06-09	99200315					
2021-06-10	99332493					
2021-06-11	99463524					
2021-06-12	99562753					
2021-06-14	99720775					
2021-06-15	99860674					
2021-06-16	99975508					
2021-06-17	100112386					
2021-06-18	100216504					
2021-06-19	100296225					
2021-06-20	100369170					
2021-06-21	100461193					
2021-06-22	100565448					
2021-06-23	100678093					
2021-06-24	100783733					
2021-06-25	100890617					
2021-06-26	100971708					
2021-06-27	101043151					
2021-06-28	101121496					
2021-06-29	101245425					
2021-06-30	101391767					
2021-07-01	101510347					
2021-07-02	101624567					
2021-07-03	101706655					
2021-07-04	101776672					
2021-07-05	101871294					
2021-07-07	102180686					
2021-07-08	102304461					
2021-07-09	102413883					
2021-07-11	102640654					
2021-07-13	102905617					
2021-07-14	103002392					
2021-07-15	103156718					
2021-07-16	103296664					
2021-07-17	103461429					
2021-07-18	103536049					
2021-07-19	103638945					
2021-07-20	103688927					
2021-07-21	103799875					
2021-07-22	103909085					
2021-07-23	104008834					
2021-07-24	104092746					
2021-07-25	104165847					
2021-07-26	104273720					
2021-07-27	104406702					
2021-07-28	104556933					
2021-07-29	104681658					
2021-07-30	104808762					
2021-07-31	104897417					
2021-08-01	104974270					
2021-08-02	105087877					
2021-08-03	105217386					
2021-08-04	105333485					
2021-08-05	105436639					
2021-08-06	105555224					
2021-08-07	105686927					
2021-08-08	105853420					
2021-08-09	105945005					
2021-08-10	106100401					
2021-08-11	106236576					
2021-08-12	106345352					
2021-08-13	106457567					
2021-08-14	106543748					
2021-08-15	106620762					
2021-08-16	106720204					
2021-08-17	106844462					
2021-08-18	106957029					
2021-08-19	107081213					
2021-08-20	107191655					
2021-08-21	107280244					
2021-08-22	107354784					
2021-08-23	107449595					
2021-08-24	107592290					
2021-08-25	107729426					
2021-08-26	107824997					
2021-08-27	107943016					
2021-08-28	108051069					
2021-08-29	108123614					
2021-08-30	108200652					
2021-08-31	108324579					
2021-09-01	108451813					
2021-09-02	108580379					
2021-09-03	108715529					
2021-09-04	108831106					
2021-09-05	108905129					
2021-09-06	108982419					
2021-09-07	109091344					
2021-09-08	109279155					
2021-09-09	109481615					
2021-09-10	109684160					
2021-09-11	109809333					
2021-09-12	109916972					
2021-09-13	110019505					
2021-09-14	110211971					
2021-09-15	110343485					
2021-09-16	110479221					
2021-09-17	110658359					
2021-09-18	110782431					
2021-09-19	110870291					
2021-09-20	110953466					
2021-09-21	111082690					
2021-09-22	111225643					
2021-09-23	111332034					
2021-09-24	111504980					
2021-09-25	111680136					
2021-09-26	111772297					
2021-09-27	111877215					
2021-09-28	112016872					
2021-09-29	112158451					
2021-09-30	112344312					
2021-10-01	112531713					
2021-10-02	112633584					
2021-10-03	112694330					
2021-10-04	112841114					
2021-10-05	112979596					
2021-10-06	113138561					
2021-10-07	113304204					
2021-10-08	113440859					
2021-10-09	113569129					
2021-10-10	113648581					
2021-10-11	113730585					
2021-10-12	113901554					
2021-10-13	113988106					
2021-10-14	114152953					
2021-10-15	114277781					
2021-10-16	114570319					
2021-10-17	114660372					
2021-10-18	114753828					
2021-10-19	114920072					
2021-10-20	115092193					
2021-10-21	115261940					
2021-10-22	115473229					
2021-10-23	115656028					
2021-10-24	115788171					
2021-10-25	115877342					
2021-10-26	116039255					
2021-10-27	116137104					
2021-10-28	116280759					
2021-10-29	116433264					
2021-10-30	116575561					
2021-10-31	116675285					
2021-11-01	116774016					
2021-11-02	116945709					
2021-11-03	117081929					
2021-11-04	117262042					
2021-11-05	117421687					
2021-11-06	117595697					
2021-11-07	117710108					
2021-11-08	117833602					
2021-11-09	118005497					
2021-11-10	118155734					
2021-11-11	118322027					
2021-11-12	118488783					
2021-11-13	118681716					
2021-11-14	118825875					
2021-11-15	118965373					
2021-11-16	119165812					
2021-11-17	119702521					
2021-11-18	119855682					
2021-11-19	120117620					
2021-11-20	120596536					
2021-11-21	120682887					
2021-11-22	120801315					
2021-11-23	120945867					
2021-11-24	121132854					
2021-11-25	121295275					
2021-11-26	121465772					
2021-11-27	121626346					
2021-11-28	121747924					
2021-11-29	121865140					
2021-11-30	122037276					
2021-12-01	122192664					
2021-12-02	122446032					
2021-12-03	122544791					
2021-12-04	122683255					
2021-12-05	122787587					
2021-12-06	122903524					
2021-12-07	123048399					
2021-12-08	123233692					
2021-12-09	123442180					
2021-12-10	123590529					
2021-12-11	123687687					
2021-12-12	123803540					
2021-12-13	123913268					
2021-12-14	124122228					
2021-12-15	124207901					
2021-12-16	124336700					
2021-12-17	124442705					
2021-12-18	124550286					
2021-12-19	124629361					
2021-12-20	124730776					
2021-12-21	124805778					
2021-12-22	124928012					
2021-12-23	125147608					
2021-12-24	125271003					
2021-12-25	125385281					
2021-12-26	125506968					
2021-12-27	125701537					
2021-12-28	125833721					
2021-12-29	125985792					
2021-12-30	126071013					
2021-12-31	126250365					
2022-01-01	126358097					
2022-01-02	126475578					
2022-01-03	126556395					
2022-01-04	126765318					
2022-01-05	126927933					
2022-01-06	127035494					
2022-01-07	127101185					
2022-01-08	127272131					
2022-01-09	127332018					
2022-01-10	127444549					
2022-01-11	127656522					
2022-01-12	127814075					
2022-01-13	127964894					
2022-01-14	128103359					
2022-01-15	128190581					
2022-01-16	128344121					
2022-01-17	128459842					
2022-01-18	128564862					
2022-01-19	128764984					
2022-01-20	128894413					
2022-01-22	129194985					
2022-01-23	129356373					
2022-01-25	129653366					
2022-01-26	129762332					
2022-01-27	129915547					
2022-01-28	130078980					
2022-01-29	130230912					
2022-01-30	130367272					
2022-01-31	130536867					
2022-02-01	130658296					
2022-02-02	130826433					
2022-02-03	131053237					
2022-02-04	131110575					
2022-02-05	131254649					
2022-02-06	131400651					
2022-02-07	131531088					
2022-02-08	131660806					
2022-02-09	131754890					
2022-02-10	131919293					
2022-02-11	132093256					
2022-02-12	132329448					
2022-02-13	132456907					
2022-02-14	132614619					
2022-02-15	132708207					
2022-02-17	133126106					
2022-02-20	133733207					
2022-02-21	133804094					
2022-02-22	133993675					
2022-02-26	134652043					
2022-03-02	135165429					
2022-03-04	135400620					
2022-03-06	135782927					
2022-03-07	135961553					
2022-03-08	136102509					
2022-03-11	136663457					
2022-03-13	136873275					
2022-03-15	137186196					
2022-03-16	137442309					
2022-03-20	138129241					
2022-03-24	138867907					
2022-03-25	138963964					
2022-03-27	139492916					
2022-04-01	140458724					
2022-04-02	140613660					
2022-04-08	141886863					
2022-04-10	142361155					
2022-04-12	142701920					
2022-04-13	143038529					
2022-04-29	146488925					
2022-04-30	146665499					
2022-05-03	147102430					
2022-05-10	148732583					
2022-05-13	149533548					
2022-05-14	149734284					
2022-05-17	150221800					
2022-06-01	153504691					
2022-06-05	154507457					
2022-06-18	158142183					
2022-06-23	159400621					
2022-06-24	159602968					
2022-07-03	161730740					
2022-07-06	162515988					
2022-07-11	163700644					
2022-11-01	189016453					
2022-11-02	189145998					
2022-11-03	189604863					
2022-11-04	189908225					
2022-11-05	190364982					
2022-11-06	190516472					
2022-11-07	190712679					
2022-11-08	190962748					
2022-11-09	191295768					
2022-11-10	191551128					
2022-11-11	191805892					
2022-11-12	192042745					
2022-11-13	192208804					
2022-11-14	192380820					
2022-11-15	192746497					
2022-11-16	192994239					
2022-11-17	193234457					
2022-11-18	193478897					
2022-11-19	193826211					
2022-11-20	193992518					
2022-11-21	194139751					
2022-11-22	194459396					
2022-11-23	194775440					
2022-11-24	195129725					
2022-11-25	195566576					
2022-11-26	195780595					
2022-11-27	195941874					
2022-11-28	196113088					
2022-11-29	196360617					
2022-11-30	196611893					
2022-12-01	196901232					
2022-12-02	197248752					
2022-12-03	197518314					
2022-12-04	197702960					
2022-12-05	197878838					
2022-12-06	198170197					
2022-12-07	198422915					
2022-12-08	198677349					
2022-12-09	198926307					
2022-12-10	199216572					
2022-12-11	199405426					
2022-12-12	199601044					
2022-12-13	199874677					
2022-12-14	200142043					
2022-12-15	200402961					
2022-12-16	200738113					
2022-12-17	201000725					
2022-12-18	201184120					
2022-12-19	201345150					
2022-12-20	201706437					
2022-12-21	202025561					
2022-12-22	202282555					
2022-12-23	202463689					
2022-12-24	202710599					
2022-12-25	202891952					
2022-12-26	203044935					
2022-12-27	203193814					
2022-12-28	203360022					
2022-12-29	203518329					
2022-12-30	203685652					
2022-12-31	203843609					
2023-01-01	204301361					
2023-01-02	204667363					
2023-01-03	205028542					
2023-01-04	205440482					
2023-01-05	205758052					
2023-01-06	205977543					
2023-01-07	206170999					
2023-01-08	206356150					
2023-01-09	206514757					
2023-01-10	206727772					
2023-01-11	206945392					
2023-01-12	207275668					
2023-01-13	207503481					
2023-01-14	207726709					
2023-01-15	207865797					
2023-01-16	208024109					
2023-01-17	208287640					
2023-01-18	208539560					
2023-01-19	208820494					
2023-01-20	209058654					
2023-01-21	209324912					
2023-01-22	209481050					
2023-01-23	209648211					
2023-01-25	210235753					
2023-01-26	210440262					
2023-01-27	210771507					
2023-01-28	211111249					
2023-01-29	211305210					
2023-01-30	211552349					
2023-01-31	212007225					
2023-02-01	212236964					
2023-02-02	212406722					
2023-02-03	212687140					
2023-02-04	212873441					
2023-02-05	213039028					
2023-02-06	213194451					
2023-02-07	213433759					
2023-02-08	213808907					
2023-02-09	213953764					
2023-02-10	214187590					
2023-02-11	214412896					
2023-02-12	214571823					
2023-02-13	214703718					
2023-02-14	215019556					
2023-02-15	215300919					
2023-02-16	215774799					
2023-02-17	216111340					
2023-02-18	216359314					
2023-02-19	216513596					
2023-02-20	216680430					
2023-02-21	216891927					
2023-02-22	217134018					
2023-02-23	217440324					
2023-02-24	217706059					
2023-02-25	217936570					
2023-02-26	218117430					
2023-02-27	218308851					
2023-02-28	218560955					
2023-03-01	218832181					
2023-03-02	219074230					
2023-03-03	219349390					
2023-03-04	219554499					
2023-03-05	219694529					
2023-03-06	219839010					
2023-03-07	220113413					
2023-03-08	220360182					
2023-03-09	220608974					
2023-03-10	220936150					
2023-03-11	221167588					
2023-03-12	221322637					
2023-03-13	221498640					
2023-03-14	221758182					
2023-03-15	222020703					
2023-03-16	222288593					
2023-03-17	222545362					
2023-03-18	222809666					
2023-03-19	222982242					
2023-03-20	223154182					
2023-03-21	223509867					
2023-03-22	223755362					
2023-03-23	223982002					
2023-03-24	224213023					
2023-03-25	224423316					
2023-03-26	224585634					
2023-03-27	224766161					
2023-03-28	225033400					
2023-03-29	225249895					
2023-03-30	225485840					
2023-03-31	225745051					
2023-04-01	225992871					
2023-04-02	226192115					
2023-04-03	226361527					
2023-04-04	226668505					
2023-04-05	226882881					
2023-04-06	227115098					
2023-04-07	227328359					
2023-04-08	227506584					
2023-04-09	227652340					
2023-04-10	227800936					
2023-04-11	227986809					
2023-04-12	228266508					
2023-04-13	228539161					
2023-04-14	228779775					
2023-04-15	229021703					
2023-04-16	229204449					
2023-04-17	229393594					
2023-04-18	229800602					
2023-04-19	230029544					
2023-04-20	230263484					
2023-04-21	230492246					
2023-04-22	230692980					
2023-04-23	230838367					
2023-04-24	231000484					
2023-04-25	231238217					
2023-04-26	231477227					
2023-04-27	231726084					
2023-04-28	231946987					
2023-04-29	232103899					
2023-04-30	232196031					
2023-05-01	232282135					
2023-05-02	232406558					
2023-05-03	232708885					
2023-05-04	232915678					
2023-05-05	233146111					
2023-05-06	233353330					
2023-05-07	233510255					
2023-05-08	233669453					
2023-05-09	233886322					
2023-05-10	234066742					
2023-05-11	234269197					
2023-05-12	234583858					
2023-05-13	234819849					
2023-05-14	234988456					
2023-05-15	235107863					
2023-05-16	235476041					
2023-05-17	235742756					
2023-05-18	236025810					
2023-05-19	236264829					
2023-05-20	236562701					
2023-05-21	236820327					
2023-05-22	237032771					
2023-05-23	237325244					
2023-05-24	237622731					
2023-05-25	237885826					
2023-05-26	238206558					
2023-05-27	238571688					
2023-05-28	238821497					
2023-05-29	239035391					
2023-05-30	239300236					
2023-05-31	239586356					
2023-06-01	239902454					
2023-06-02	240229358					
2023-06-03	240494489					
2023-06-04	240946082					
2023-06-05	241268873					
2023-06-06	241584777					
2023-06-07	241893169					
2023-06-08	242197379					
2023-06-09	242460687					
2023-06-10	242778619					
2023-06-11	242916714					
2023-06-12	243092484					
2023-06-13	243371656					
2023-06-14	243676736					
2023-06-15	243955347					
2023-06-16	244366934					
2023-06-17	244674612					
2023-06-18	244885341					
2023-06-19	245074980					
2023-06-20	245412402					
2023-06-21	245787287					
2023-06-22	246117375					
2023-06-23	246442704					
2023-06-24	246788398					
2023-06-25	246972943					
2023-06-26	247190829					
2023-06-27	247627788					
2023-06-28	248076819					
2023-06-29	248460669					
2023-06-30	248927579					
2023-07-01	249572322					
2023-07-02	250066178					
2023-07-03	250376536					
2023-07-04	250849822					
2023-07-05	251488862					
2023-07-06	252246039					
2023-07-07	252958939					
2023-07-08	253464872					
2023-07-09	253723731					
2023-07-10	253941178					
2023-07-11	254293043					
2023-07-12	254609182					
2023-07-13	255100060					
2023-07-14	255533578					
2023-07-15	255811774					
2023-07-16	256051374					
2023-07-17	256280212					
2023-07-18	256701240					
2023-07-19	257054548					
2023-07-20	257361736					
2023-07-21	257634477					
2023-07-22	257915965					
2023-07-23	258122961					
2023-07-24	258331279					
2023-07-25	258588509					
2023-07-26	258799168					
2023-07-27	259003681					
2023-07-28	259324874					
2023-07-29	259661471					
2023-07-30	259816185					
2023-07-31	260054672					
2023-08-01	260212899					
2023-08-02	260360252					
2023-08-03	260584030					
2023-08-04	260855820					
2023-08-05	261091477					
2023-08-06	261259730					
2023-08-07	261419424					
2023-08-08	261750084					
2023-08-09	261929110					
2023-08-10	262195868					
2023-08-11	262397600					
2023-08-12	262629280					
2023-08-13	262790134					
2023-08-14	262950077					
2023-08-15	263171474					
2023-08-16	263395871					
2023-08-17	263627869					
2023-08-18	263963846					
2023-08-19	264179960					
2023-08-20	264339218					
2023-08-21	264495541					
2023-08-22	264738440					
2023-08-23	264966647					
2023-08-24	265223002					
2023-08-25	265451370					
2023-08-26	265689966					
2023-08-27	265880992					
2023-08-28	266082787					
2023-08-29	266334715					
2023-08-30	266595494					
2023-08-31	266819184					
2023-09-01	267051666					
2023-09-02	267272180					
2023-09-03	267420665					
2023-09-04	267587429					
2023-09-05	267867007					
2023-09-06	268014442					
2023-09-07	268238627					
2023-09-08	268495770					
2023-09-09	268696878					
2023-09-10	269248218					
2023-09-11	269479231					
2023-09-12	269757595					
2023-09-13	269987951					
2023-09-14	270246672					
2023-09-15	270493270					
2023-09-16	270717813					
2023-09-17	270861696					
2023-09-18	271017988					
2023-09-19	271264475					
2023-09-20	271599806					
2023-09-21	271853349					
2023-09-22	272175847					
2023-09-23	272403655					
2023-09-24	272569862					
2023-09-25	272728887					
2023-09-26	273025893					
2023-09-27	273322232					
2023-09-28	273644946					
2023-09-29	274118327					
2023-09-30	274514053					
2023-10-01	274659985					
2023-10-02	274822927					
2023-10-03	275044266					
2023-10-04	275350512					
2023-10-05	275597851					
2023-10-06	275841127					
2023-10-07	276172276					
2023-10-08	276337720					
2023-10-09	276502084					
2023-10-10	276844709					
2023-10-11	277174026					
2023-10-12	277438385					
2023-10-13	277662851					
2023-10-14	277938971					
2023-10-15	278117283					
2023-10-16	278249449					
2023-10-17	278475086					
2023-10-18	278751815					
2023-10-19	279146976					
2023-10-20	279433569					
2023-10-21	279709240					
2023-10-22	279873410					
2023-10-23	279970115					
2023-10-24	280165919					
2023-10-25	280381103					
2023-10-26	280582734					
2023-10-27	280805761					
2023-10-28	281033674					
2023-10-29	281184274					
2023-10-30	281326520					
2023-10-31	281601205					
2023-11-01	281879107					
2023-11-02	282401568					
2023-11-03	282679293					
2023-11-04	282886027					
2023-11-05	283037199					
2023-11-06	283185920					
2023-11-07	283437009					
2023-11-08	283685557					
2023-11-09	283933055					
2023-11-10	284118280					
2023-11-11	284256028					
2023-11-12	284390915					
2023-11-13	284524551					
2023-11-14	284792997					
2023-11-15	284964273					
2023-11-16	285133367					
2023-11-17	285307936					
2023-11-18	285479647					
2023-11-19	285622284					
2023-11-20	285798067					
2023-11-21	286000722					
2023-11-22	286177587					
2023-11-23	286358102					
2023-11-24	286532208					
2023-11-25	286647994					
2023-11-26	286822578					
2023-11-27	286964854					
2023-11-28	287117090					
2023-11-29	287239743					
2023-11-30	287422326					
2023-12-01	287702314					
2023-12-02	287975304					
2023-12-03	288130951					
2023-12-04	288342291					
2023-12-05	288703808					
2023-12-06	289144741					
2023-12-07	289379459					
2023-12-08	289687176					
2023-12-09	289935346					
2023-12-10	290081117					
2023-12-11	290279685					
2023-12-12	290458303					
2023-12-13	290636209					
2023-12-14	290859521					
2023-12-15	291076649					
2023-12-16	291271323					
2023-12-17	291516414					
2023-12-18	291653151					
2023-12-19	291821310					
2023-12-20	291999415					
2023-12-21	292182038					
2023-12-22	292389357					
2023-12-23	292562977					
2023-12-24	292719077					
2023-12-25	292848790					
2023-12-26	292992505					
2023-12-27	293135717					
2023-12-28	293300598					
2023-12-29	293463262					
2023-12-30	293600529					
2023-12-31	293736509					
2024-01-01	293870414					
2024-01-02	294001220					
2024-01-03	294166220					
2024-01-04	294323499					
2024-01-05	294486462					
2024-01-06	294644477					
2024-01-07	294777040					
2024-01-08	294916494					
2024-01-09	295095644					
2024-01-10	295260573					
2024-01-11	295432222					
2024-01-12	295604716					
2024-01-13	295766381					
2024-01-14	295898945					
2024-01-15	296038352					
2024-01-16	296202517					
2024-01-17	296366161					
2024-01-18	296635683					
2024-01-19	296808603					
2024-01-20	296979373					
2024-01-21	297131378					
2024-01-22	297272606					
2024-01-23	297423679					
2024-01-24	297541933					
2024-01-25	297716310					
2024-01-26	297779503					
2024-01-27	297967601					
2024-01-28	298106528					
2024-01-29	298249694					
2024-01-30	298444415					
2024-01-31	298668242					
2024-02-01	298926202					
2024-02-02	299090089					
2024-02-03	299305147					
2024-02-04	299453206					
2024-02-05	299595170					
2024-02-06	299782667					
2024-02-07	299963903					
2024-02-08	300142029					
2024-02-09	300309575					
2024-02-10	300479018					
2024-02-11	300653907					
2024-02-12	300833909					
2024-02-13	301052969					
2024-02-14	301283260					
2024-02-15	301468036					
2024-02-16	301746833					
2024-02-17	301912113					
2024-02-18	302060811					
2024-02-19	302202083					
2024-02-20	302375118					
2024-02-21	302560187					
2024-02-22	302751594					
2024-02-23	302938143					
2024-02-24	303106086					
2024-02-25	303243648					
2024-02-26	303393288					
2024-02-27	303554165					
2024-02-28	303722146					
2024-02-29	303890987					
2024-03-01	304073753					
2024-03-02	304242687					
2024-03-03	304378352					
2024-03-04	304520765					
2024-03-05	304691257					
2024-03-06	304876582					
2024-03-07	305059481					
2024-03-08	305244399					
2024-03-09	305429295					
2024-03-10	305580469					
2024-03-11	305721721					
2024-03-12	305921490					
2024-03-13	306103937					
2024-03-14	306282579					
2024-03-15	306483010					
2024-03-16	306719978					
2024-03-17	306844222					
2024-03-18	306947313					
2024-03-19	307146088					
2024-03-20	307400645					
2024-03-21	307577368					
2024-03-22	307868711					
2024-03-23	307981284					
2024-03-24	308136770					
2024-03-25	308306834					
2024-03-26	308500040					
2024-03-27	308660108					
2024-03-28	308982894					
2024-03-29	309179254					
2024-03-30	309235617					
2024-03-31	309458150					
2024-04-01	309611630					
2024-04-02	309840356					
2024-04-03	309926445					
2024-04-04	310049230					
2024-04-05	310289083					
2024-04-06	310584232					
2024-04-07	310717993					
2024-04-08	310907085					
2024-04-09	311335717					
2024-04-10	311573955					
2024-04-11	311803512					
2024-04-12	311920360					
2024-04-13	312105856					
2024-04-14	312255329					
2024-04-15	312419722					
2024-04-16	312716786					
2024-04-17	312873498					
2024-04-18	313114517					
2024-04-19	313347413					
2024-04-20	313639133					
2024-04-21	313789819					
2024-04-22	313942900					
2024-04-23	314287930					
2024-04-24	314478995					
2024-04-25	314798591					
2024-04-26	315048573					
2024-04-27	315334591					
2024-04-28	315501760					
2024-04-29	315837863					
2024-04-30	316091230					
2024-05-01	316310163					
2024-05-02	316514591					
2024-05-03	316750482					
2024-05-04	316955608					
2024-05-05	317118508					
2024-05-06	317277520					
2024-05-07	317513063					
2024-05-08	317844721					
2024-05-09	318153861					
2024-05-10	318402556					
2024-05-11	318614051					
2024-05-12	318762749					
2024-05-13	318922958					
2024-05-14	319266211					
2024-05-15	319513673					
2024-05-16	319757759					
2024-05-17	319984730					
2024-05-18	320192297					
2024-05-19	320340295					
2024-05-20	320471878					
2024-05-21	320664304					
2024-05-22	320898404					
2024-05-23	321124342					
2024-05-24	321408681					
2024-05-25	321623490					
2024-05-26	321791006					
2024-05-27	321943603					
2024-05-28	322166915					
2024-05-29	322408310					
2024-05-30	322843133					
2024-05-31	323027214					
2024-06-01	323267097					
2024-06-02	323508112					
2024-06-03	323721453					
2024-06-04	324068448					
2024-06-05	324331838					
2024-06-06	324596332					
2024-06-07	324845496					
2024-06-08	325231587					
2024-06-09	325403366					
2024-06-10	325588673					
2024-06-11	325848275					
2024-06-12	326084241					
2024-06-13	326404399					
2024-06-14	326671459					
2024-06-15	326949812					
2024-06-16	327128623					
2024-06-17	327299584					
2024-06-18	327585625					
2024-06-19	327883570					
2024-06-20	328187292					
2024-06-21	328522318					
2024-06-22	328814008					
2024-06-23	328984126					
2024-06-24	329136736					
2024-06-25	329360105					
2024-06-26	329586545					
2024-06-27	329850432					
2024-06-28	330171346					
2024-06-29	330314486					
2024-06-30	330486853					
2024-07-01	330666495					
2024-07-02	330965280					
2024-07-03	331210602					
2024-07-04	331508937					
2024-07-05	331629258					
2024-07-06	331830863					
2024-07-07	331980422					
2024-07-08	332132843					
2024-07-09	332344961					
2024-07-10	332610695					
2024-07-11	332828625					
2024-07-12	333038532					
2024-07-13	333236540					
2024-07-14	333390262					
2024-07-15	333699375					
2024-07-16	334083923					
2024-07-17	334296471					
2024-07-18	334495028					
2024-07-19	334705409					
2024-07-20	334921680					
2024-07-21	335094192					
2024-07-22	335253941					
2024-07-23	335545451					
2024-07-24	335777131					
2024-07-25	336001598					
2024-07-26	336235574					
2024-07-27	336434529					
2024-07-28	336583095					
2024-07-29	336741036					
2024-07-30	336987017	154336001.0	44271.0	105017004.0	77587269.0	2472.0
2024-07-31	337226066	154417306	44610	105131169	77630304	2677
2024-08-01	337444115	154486459	44934	105236331	77673392	2999
2024-08-02	337666041	154555974	45190	105341912	77719759	3206
2024-08-03	337883291	154626402	45482	105446089	77761941	3377
2024-08-04	338056485	154666963	45630	105537568	77802820	3504
2024-08-05	338223847	154705531	45734	105626020	77842958	3604
2024-08-06	338392572	154778382	46033	105698758	77865560	3839
2024-08-07	338513226	154851019	46774	105740975	77870423	4035
2024-08-08	338700719	154952806	47051	105808712	77887859	4291
2024-08-09	338989460	155087397	47467	105936265	77913826	4505
2024-08-10	339232593	155207564	47718	106024301	77948341	4669
2024-08-11	339374222	155230421	47833	106103903	77987334	4731
2024-08-12	339620511	155316302	47941	106222765	78028641	4862
2024-08-13	339803066	155388092	48229	106300964	78060775	5006
2024-08-14	339932748	155459752	48540	106346781	78072400	5275
2024-08-15	340104987	155531033	48896	106421896	78097675	5487
2024-08-16	340276657	155591442	49138	106502310	78128069	5698
2024-08-17	340427361	155640460	49387	106575828	78155821	5865
2024-08-18	340643496	155707456	49530	106684052	78196467	5991
2024-08-19	340822170	155749562	49696	106779805	78236984	6123
2024-08-20	341045157	155818909	50029	106888147	78281713	6359
2024-08-21	341272452	155890282	50393	106998720	78326350	6707
2024-08-22	341498270	155963632	51142	107107085	78369315	7096
2024-08-23	341718815	156030510	51330	107216261	78413483	7231
2024-08-24	341924123	156093232	51435	107318274	78453830	7352
2024-08-25	342069630	156118239	51609	107399027	78493311	7444
2024-08-26	342219589	156145159	51727	107482491	78532690	7522
2024-08-27	342550811	156271019	51879	107645687	78574490	7736
2024-08-28	342809418	156366296	53365	107764281	78617468	8008
2024-08-29	343041064	156442847	54082	107875735	78660126	8274
2024-08-30	343303906	156538550	54148	107997328	78705280	8600
2024-08-31	343507962	156597550	54566	108100536	78746533	8777
2024-09-01	343664935	156629787	54914	108184708	78786646	8880
2024-09-02	343823386	156661539	57846	108266129	78828891	8981
2024-09-03	344022863	156717518	57992	108365819	78872404	9130
2024-09-04	344249878	156788893	58305	108475334	78917989	9357
2024-09-05	344478017	156863642	58485	108584811	78961287	9792
2024-09-06	344699636	156930959	58831	108691705	79008074	10067
2024-09-07	344907637	156992515	59540	108791847	79053536	10199
2024-09-08	345062230	157023256	59579	108876370	79092771	10254
2024-09-09	345220108	157054393	59784	108961730	79133571	10630
2024-09-10	345454719	157131415	60026	109070999	79181377	10902
2024-09-11	345700364	157213011	60287	109182271	79233705	11090
2024-09-12	346001795	157307531	60569	109324369	79297996	11330
2024-09-13	346136924	157357859	60743	109384791	79322042	11489
2024-09-14	346330162	157413239	60959	109481641	79362643	11680
2024-09-15	346501468	157459070	61027	109564578	79405005	11788
2024-09-16	346654375	157488223	61172	109647060	79445997	11923
2024-09-17	346963554	157615362	61379	109785543	79489178	12092
2024-09-18	347290858	157734857	61724	109948558	79533350	12369
2024-09-19	347526198	157817712	62040	110057012	79576863	12571
2024-09-20	347746955	157887157	62365	110163220	79621412	12801
2024-09-21	347960334	157953709	62468	110267524	79663616	13017
2024-09-22	348121484	157989732	62515	110353632	79702474	13131
2024-09-23	348273357	158021370	62755	110435407	79740620	13205
2024-09-24	348497314	158092008	63099	110544623	79784164	13420
2024-09-25	348749755	158177401	63443	110663331	79831872	13708
2024-09-26	348965383	158245666	63695	110766667	79875300	14055
2024-09-27	349246337	158344321	64071	110890268	79933384	14293
2024-09-28	349587473	158495565	64211	111028556	79984638	14503
2024-09-29	349791325	158539875	64275	111144685	80027502	14988
2024-09-30	349954003	158574350	64413	111230350	80069831	15059
2024-10-01	350156641	158629105	64518	111332672	80114706	15640
2024-10-02	350383496	158700046	64639	111443968	80158911	15932
2024-10-03	350615160	158774206	64789	111557113	80202846	16206
2024-10-04	350842685	158840038	65074	111672032	80249038	16503
2024-10-05	351042468	158895809	65495	111769239	80295175	16750
2024-10-06	351290842	158996369	69034	111863554	80345073	16812
2024-10-07	351499647	159030524	69160	111991312	80391697	16954
2024-10-08	351680973	159110827	69459	112067850	80415519	17318
2024-10-09	351867201	159181793	69882	112153029	80444881	17616
2024-10-10	352078724	159247136	70201	112254459	80489021	17907
2024-10-11	352316097	159322444	70488	112368168	80536652	18345
2024-10-12	352558802	159406231	70808	112479239	80583879	18645
2024-10-13	352661866	159437732	70879	112526692	80607812	18751
2024-10-14	352702979	159459883	70916	112541905	80611430	18845
2024-10-15	352913071	159586422	71212	112619011	80617304	19122
2024-10-16	353108015	159671784	71462	112702152	80643286	19331
2024-10-17	353395916	159752125	71674	112812581	80739014	20522
2024-10-18	353630520	159829955	71888	112925492	80782440	20745
2024-10-19	353932743	159955311	72028	113059131	80825302	20971
2024-10-20	354092261	159987769	72133	113145661	80865626	21072
2024-10-21	354255567	160022138	72345	113233457	80906401	21226
2024-10-22	354636811	160211410	72738	113399901	80931150	21612
2024-10-23	354776888	160295719	73149	113448183	80937852	21985
2024-10-24	354984444	160385418	73357	113539011	80964457	22201
2024-10-25	355214944	160457678	74439	113650702	81009283	22842
2024-10-26	355423244	160518298	74963	113753202	81053615	23166
2024-10-27	355668552	160599824	75809	113872325	81096823	23771
2024-10-28	355821978	160636919	76445	113952200	81132222	24192
2024-10-29	356130824	160756976	77297	114093970	81177752	24829
2024-10-30	356396301	160852803	78740	114217470	81221668	25620
2024-10-31	356641661	160938349	79112	114333082	81265221	25897
2024-11-01	356893274	161025479	79318	114451252	81310903	26322
2024-11-02	357197638	161147868	79416	114588644	81355126	26584
2024-11-03	357389996	161188501	79525	114694797	81400458	26715
2024-11-04	357554221	161224072	79620	114782604	81440673	27252
2024-11-05	357855308	161351409	80323	114915980	81479944	27652
2024-11-06	358140621	161460339	81022	115046145	81525109	28006
2024-11-07	358382021	161541654	81509	115161924	81568622	28312
2024-11-08	358603462	161609825	81685	115270051	81613306	28595
2024-11-09	358857421	161694878	82073	115385677	81665975	28818
2024-11-10	359035533	161739329	82292	115472008	81712964	28940
2024-11-11	359200553	161775227	82433	115559688	81754159	29046
2024-11-12	359522206	161909698	82899	115704420	81795907	29282
2024-11-13	359802769	162014931	83295	115834359	81840568	29616
2024-11-14	360038604	162092976	83542	115947619	81884619	29848
2024-11-15	360286655	162180979	83741	116064693	81927114	30128
2024-11-16	360588420	162312989	83945	116186702	81974320	30464
2024-11-17	360812162	162357506	84148	116315908	82024018	30582
2024-11-18	361003731	162408602	84608	116407424	82072351	30746
2024-11-19	361312450	162528761	86561	116547721	82118434	30973
2024-11-20	361560459	162610941	88828	116666105	82163337	31248
2024-11-21	361789891	162684468	89165	116777168	82207581	31509
2024-11-22	362044656	162768953	89665	116898106	82255990	31942
2024-11-23	362263809	162833738	90013	117006990	82300741	32327
2024-11-24	362445277	162876789	90241	117101648	82344080	32519
2024-11-25	362632942	162925733	90463	117197158	82386897	32691
2024-11-26	362858129	162998057	90762	117306090	82430212	33008
2024-11-27	363104884	163079664	91076	117426210	82474631	33303
2024-11-28	363357583	163165900	91698	117547570	82518832	33583
2024-11-29	363568826	163227949	92011	117652674	82562389	33803
2024-11-30	363771493	163288263	92296	117751793	82605032	34109
2024-12-01	364022149	163380563	92393	117870057	82644904	34232
2024-12-02	364248628	163444441	92502	117993498	82683728	34459
2024-12-03	364486416	163521462	92720	118104177	82733262	34795
2024-12-04	364749387	163615743	93960	118226404	82778096	35184
2024-12-05	365005566	163710022	94996	118343163	82821882	35503
2024-12-06	365229393	163779407	95469	118453275	82865455	35787
2024-12-07	365429052	163839246	96804	118550838	82906101	36063
2024-12-08	365600389	163890157	96983	118632501	82944568	36180
2024-12-09	365778036	163939010	97192	118720503	82984801	36530
2024-12-10	366031439	164023617	102562	118833848	83034565	36847
2024-12-11	366274993	164104906	104443	118947378	83079907	38359
2024-12-12	366534716	164195508	105562	119069824	83124992	38830
2024-12-13	366846695	164329658	109286	119196112	83172089	39550
2024-12-14	367157398	164474904	111141	119316823	83214640	39890
2024-12-15	367465413	164584115	113264	119469970	83258004	40060
2024-12-16	367666685	164641653	114194	119562339	83308257	40242
2024-12-17	367935592	164740594	115801	119684042	83353900	41255
2024-12-18	368204640	164840475	116661	119806112	83399761	41631
2024-12-19	368447826	164923643	117923	119916953	83447167	42140
2024-12-20	368710567	165011647	119237	120030536	83505230	43917
2024-12-21	368938314	165084553	119614	120136932	83553015	44200
2024-12-22	369309076	165215068	119707	120334115	83595801	44385
2024-12-23	369519493	165268603	120411	120435584	83648675	46220
2024-12-24	369726168	165325269	121149	120539782	83693518	46450
2024-12-25	369939616	165381305	122716	120639403	83749580	46612
2024-12-26	370132656	165423592	123246	120743194	83795853	46771
2024-12-27	370326023	165468421	123572	120849303	83837778	46949
2024-12-28	370518204	165521285	124316	120944400	83881111	47092
2024-12-29	370783477	165604066	124662	121086328	83921227	47194
2024-12-30	370934142	165631423	124790	121170257	83960357	47315
2024-12-31	371108293	165677290	125253	121262325	83995889	47536
2025-01-01	371266441	165720140	126050	121340315	84032046	47890
2025-01-02	371405919	165746340	126311	121417753	84067510	48005
2025-01-03	371577640	165791930	126669	121505916	84104878	48247
2025-01-04	371800615	165870240	127335	121608730	84145749	48561
2025-01-05	372066572	165953654	127494	121751768	84184973	48683
2025-01-06	372221972	165982378	127605	121834553	84228590	48846
2025-01-07	372457780	166054656	127815	121935582	84290560	49167
2025-01-08	372671059	166125270	128538	122037031	84330572	49648
2025-01-09	372880631	166190898	128881	122139800	84371099	49953
2025-01-10	373095480	166258710	129192	122240033	84416950	50595
2025-01-11	373320948	166340713	129439	122344603	84454960	51233
2025-01-12	373555089	166461867	129527	122447371	84464877	51447
2025-01-13	373606765	166486086	129550	122464689	84474450	51990
2025-01-14	373764422	166549775	130428	122535018	84496785	52416
2025-01-15	373982831	166621400	130745	122640416	84537501	52769
2025-01-16	374206141	166697999	131142	122747429	84576501	53070
2025-01-17	374438209	166774571	132043	122858664	84619360	53571
2025-01-18	374676177	166855515	132540	122969854	84664340	53928
2025-01-19	374967442	166955345	133508	123111260	84713006	54323
2025-01-20	375135052	166985531	133795	123207750	84753427	54549
2025-01-21	375348073	167048790	134160	123313624	84796601	54898
2025-01-22	375574705	167119101	134892	123424506	84840858	55348
2025-01-23	375791332	167184685	135454	123532004	84883381	55808
2025-01-24	376001402	167243748	135931	123638798	84926701	56224
2025-01-25	376205179	167303135	136241	123739900	84968729	57174
2025-01-26	376421718	167387863	136508	123832005	85007626	57716
2025-01-27	376578945	167411938	136684	123938523	85033388	58412
2025-01-28	376668354	167461812	137092	123969665	85040631	59154
2025-01-29	376770625	167515694	137481	124008488	85049348	59614
2025-01-30	376860758	167570200	137951	124038212	85054421	59974
2025-01-31	376952743	167624833	138319	124070164	85059113	60314
2025-02-01	377050259	167682530	138658	124103448	85064965	60658
2025-02-02	377220799	167765493	145992	124171700	85076628	60986
2025-02-03	377417917	167791309	146135	124290587	85128695	61191
2025-02-04	377657133	167858080	146467	124406335	85184644	61607
2025-02-05	377882516	167929221	146850	124516539	85227737	62169
2025-02-06	378064404	167997446	147612	124599819	85256693	62834
2025-02-07	378169454	168061498	148175	124633462	85260778	65541
2025-02-08	378267398	168123982	148421	124663832	85265282	65881
2025-02-09	378425702	168209704	148542	124733716	85267435	66305
2025-02-10	378475365	168244131	148668	124746277	85269613	66676
2025-02-11	378594194	168317109	149264	124785889	85274775	67157
2025-02-12	378719340	168382717	149606	124824326	85295036	67655
2025-02-13	378856794	168463394	150108	124873844	85301274	68174
2025-02-14	378977947	168534038	150647	124917813	85306807	68642
2025-02-15	379446635	168743763	161543	125048871	85420228	72230
2025-02-16	379719441	168876955	167690	125130910	85470188	73698
2025-02-17	379879927	168955321	173536	125157628	85518363	75079
2025-02-18	380100248	169071009	179545	125206641	85566312	76741
2025-02-19	380315215	169186743	185034	125255161	85610086	78191
2025-02-20	380567280	169315939	191074	125322760	85657728	79779
2025-02-21	380826743	169441083	197305	125383747	85723157	81451
2025-02-22	381056865	169562654	203102	125437702	85770481	82926
2025-02-23	381500574	169709235	209471	125627227	85870234	84407
2025-02-24	381790070	169804633	216283	125732409	85950675	86070
2025-02-25	382157787	169936324	223552	125871932	86038150	87829
2025-02-26	382556935	170109568	232916	126000983	86124055	89413
2025-02-27	382967192	170241699	239844	126186456	86208146	91047
2025-02-28	383316718	170362686	249195	126317710	86294421	92706
2025-03-01	383636825	170478057	255464	126434155	86375081	94068
2025-03-02	384024326	170614906	262167	126591675	86460107	95471
2025-03-03	384296157	170696144	267902	126691963	86543339	96809
2025-03-04	384656166	170826697	274980	126828406	86627565	98518
2025-03-05	385013727	170959526	281622	126957306	86714941	100332
2025-03-06	385396548	171098638	290329	127099180	86805915	102486
2025-03-07	385790640	171242262	308883	127231817	86903551	104127
2025-03-08	386149878	171377559	317407	127356816	86992318	105778
2025-03-09	386559739	171528362	326414	127517838	87079746	107379
2025-03-10	386848685	171619509	332734	127620601	87166885	108956
2025-03-11	387203598	171750360	341213	127753063	87248061	110901
2025-03-12	387613658	171915861	350230	127898150	87336631	112786
2025-03-13	388053809	172097004	359614	128049360	87433199	114632
2025-03-14	388526553	172309939	368824	128206152	87525078	116560
2025-03-15	389038533	172539415	385182	128375042	87620600	118294
2025-03-16	389525626	172728485	400573	128550011	87726762	119795
2025-03-17	389814097	172820637	414711	128637280	87820084	121385
2025-03-18	390140743	172960056	426049	128737379	87894078	123181
2025-03-19	390531166	173105317	437336	128880794	87982783	124936
2025-03-20	390929006	173249574	452002	129028115	88072470	126845
2025-03-21	391288651	173386564	466541	129152440	88154322	128784
2025-03-22	391688017	173525099	477826	129321691	88232871	130530
2025-03-23	392088022	173669113	489379	129477628	88319789	132113
2025-03-24	392387146	173765454	496724	129582510	88408618	133840
2025-03-25	392789113	173927543	504786	129718624	88502272	135888
2025-03-26	393389157	174178128	514302	129924366	88634055	138306
2025-03-27	393659479	174298883	519741	130007945	88693174	139736
2025-03-30	395124158	174854724	554326	130526605	89042054	146449
2025-03-31	395232829	174879995	555698	130576192	89074073	146871
2025-04-01	395674695	175042694	564410	130731805	89185930	149856
2025-04-02	396036776	175176273	570913	130862074	89275681	151835
2025-04-03	396478396	175324302	577384	131036148	89386813	153749
2025-04-04	396930083	175504522	584307	131203912	89481500	155842
2025-04-05	397321882	175655322	591399	131346332	89570864	157965
2025-04-06	397724416	175799604	597845	131508678	89658657	159632
2025-04-07	398025431	175897618	604777	131612905	89748731	161400
2025-04-08	398390641	176034349	612004	131742170	89838769	163349
2025-04-09	398791896	176190565	619295	131882073	89934390	165573
2025-04-10	399149104	176326431	625427	132009600	90020154	167492
2025-04-11	399536511	176474269	632630	132145058	90114888	169666
2025-04-12	399937087	176634965	640399	132275042	90214799	171882
2025-04-13	400359607	176793239	647323	132435631	90309657	173757
2025-04-14	400656159	176886194	654078	132542011	90398303	175573
2025-04-15	401056984	177041717	661179	132676841	90499470	177777
2025-04-16	401310761	177178458	668080	132732478	90551837	179908
2025-04-17	401550393	177303596	674268	132788580	90600014	183935
2025-04-18	401804174	177437161	681792	132843413	90655407	186401
2025-04-19	402044459	177564274	689623	132888682	90713081	188799
2025-04-20	402336026	177707793	696588	132974637	90766266	190742
2025-04-21	402502617	177789475	703021	133002171	90815385	192565
2025-04-22	402742354	177913243	710634	133052095	90871283	195099
2025-04-23	403009836	178050756	717607	133119794	90924168	197511
2025-04-24	403361501	178228994	725210	133228268	90979283	199746
2025-04-25	403674158	178412812	733507	133289670	91036102	202067
2025-04-26	404007618	178600499	746539	133349493	91106666	204421
2025-04-27	404368718	178758229	763743	133442297	91198023	206426
2025-04-28	404562976	178856363	770746	133476637	91250767	208463
2025-04-29	404845310	179002602	778227	133544259	91307800	212422
2025-04-30	405178710	179202481	787102	133611822	91362316	214989
2025-05-01	405610988	179416608	795846	133757413	91423313	217808
2025-05-02	405860124	179542179	804191	133809416	91483886	220452
2025-05-03	406089970	179664457	811007	133855174	91536680	222652
2025-05-04	406379689	179804590	818372	133941129	91590866	224732
2025-05-05	406560314	179891759	825725	133970610	91645419	226801
2025-05-06	406805155	180020446	832439	134025978	91697271	229021
2025-05-07	407080643	180165119	839933	134091819	91752309	231463
2025-05-08	407453521	180334746	848304	134221373	91814957	234141
2025-05-09	407789929	180491766	867582	134300780	91890598	239203
2025-05-10	408136326	180622639	879450	134395393	91995411	243433
2025-05-11	408382373	180767641	886368	134436483	92046556	245325
2025-05-12	408623654	180866618	893721	134514984	92100964	247367
2025-05-13	408873680	181002287	900456	134569937	92151493	249507
2025-05-14	409146955	181145818	907793	134634467	92206924	251953
2025-05-15	409467822	181314561	916555	134716313	92265812	254581
2025-05-16	409747164	181460597	924180	134781902	92323027	257458
2025-05-17	410067246	181654260	931825	134841076	92380237	259848
2025-05-18	410542416	181862573	944989	134982756	92487889	264209
2025-05-19	410735960	181957553	952696	135016239	92543056	266416
2025-05-20	411001058	182096537	960380	135077539	92597597	269005
2025-05-21	411347751	182278299	974797	135172014	92650814	271827
2025-05-22	411646045	182419251	982913	135262852	92706435	274594
2025-05-23	411916814	182558814	990254	135330587	92759805	277354
2025-05-24	412181643	182694451	999629	135391086	92815837	280640
2025-05-25	412479387	182839112	1007274	135481441	92868928	282632
2025-05-26	412664646	182929667	1014816	135511971	92923329	284863
2025-05-27	412946886	183071721	1031947	135566500	92989455	287263
2025-05-28	413208541	183204748	1040051	135628334	93045125	290283
2025-05-29	413469786	183341761	1049208	135687118	93098859	292840
2025-05-30	413722292	183471901	1058042	135744323	93152076	295950
2025-05-31	413943469	183591577	1064795	135789137	93199548	298412
2025-06-01	414234532	183734530	1072174	135877655	93249651	300522
2025-06-02	414406801	183816345	1079924	135910788	93297256	302488
2025-06-03	414664603	183943183	1091785	135975323	93349016	305296
2025-06-04	414951265	184090621	1101820	136047371	93403264	308189
2025-06-05	415214348	184226388	1109200	136111082	93456591	311087
2025-06-06	415491086	184370053	1117099	136180562	93508043	315329
2025-06-07	415742085	184500847	1127674	136236200	93559399	317965
2025-06-08	416051444	184648921	1140257	136326680	93615080	320506
2025-06-09	416242941	184738887	1148256	136363321	93669528	322949
2025-06-10	416513075	184882539	1156443	136423446	93724597	326050
2025-06-11	416769830	185017271	1165535	136482080	93775907	329037
2025-06-12	417403348	185239213	1175635	136824154	93832152	332194
2025-06-13	417941836	185369336	1185777	137151028	93899520	336175
2025-06-14	418475900	185504913	1194638	137469956	93967268	339125
2025-06-15	419096884	185682002	1202815	137847633	94022428	342006
2025-06-16	419590541	185783396	1210668	138176490	94075267	344720
2025-06-17	420035111	185969890	1218771	138372189	94126729	347532
2025-06-18	420485251	186120106	1225591	138615293	94173780	350481
2025-06-19	420988658	186282576	1233042	138896246	94223105	353689
2025-06-20	421516547	186451882	1240528	139194096	94273115	356926
2025-06-21	422028326	186621880	1247512	139476818	94321551	360565
2025-06-22	422631984	186807162	1255222	139832918	94373210	363472
2025-06-23	423162380	186952256	1263317	140152605	94427770	366432
2025-06-24	423597432	187129357	1271340	140347023	94480013	369699
2025-06-25	423927263	187305552	1280160	140430962	94537628	372961
2025-06-26	424331851	187507588	1291539	140541699	94614810	376215
2025-06-27	424617086	187652937	1300107	140618045	94666454	379543
2025-06-28	424893062	187793393	1309924	140689357	94717762	382626
2025-06-29	425201502	187951110	1318638	140776435	94769611	385708
2025-06-30	425614672	188166363	1327550	140910579	94820930	389250
2025-07-01	426048284	188406415	1336092	141040306	94870874	394597
2025-07-02	426381201	188570024	1346197	141135243	94931717	398020
2025-07-03	426617119	188682874	1355908	141188275	94989096	400966
2025-07-04	426848197	188803310	1363927	141241828	95035310	403822
2025-07-05	427078721	188924660	1373436	141288424	95085439	406762
2025-07-06	427381371	189069161	1382903	141380313	95139137	409857
2025-07-07	427610398	189176090	1403794	141412978	95204527	413009
2025-07-08	427894956	189295920	1411282	141469178	95302448	416128
2025-07-09	428172518	189425538	1424990	141531061	95371502	419427
2025-07-10	428436213	189559591	1435169	141598465	95420527	422461
2025-07-11	428803024	189740836	1444695	141724965	95466918	425610
2025-07-12	429064543	189866642	1457162	141786891	95525108	428740
2025-07-13	429322900	190008167	1470152	141834438	95578799	431344
2025-07-14	429554350	190094189	1483169	141914504	95628353	434135
2025-07-15	429774942	190207214	1490173	141969073	95671423	437059
2025-07-16	430126174	190394001	1497737	142061309	95732657	440470
2025-07-17	430372944	190524020	1505037	142119239	95780885	443763
2025-07-18	430609382	190647225	1512644	142175470	95826903	447140
2025-07-19	430826932	190761913	1519470	142222440	95869639	453470
2025-07-20	431120682	190904985	1526980	142312391	95919976	456350
2025-07-21	431428115	191059233	1534377	142406410	95968913	459182
2025-07-22	431678906	191184599	1548993	142469823	96012810	462681
2025-07-23	431940226	191318669	1559167	142535935	96060123	466332
2025-07-24	432186635	191446611	1567976	142593155	96109008	469885
2025-07-25	432427004	191568553	1576443	142654098	96154223	473687
2025-07-26	432679529	191702564	1586114	142709306	96204054	477491
2025-07-27	432978069	191851050	1597238	142791887	96256945	480949
2025-07-28	433175423	191938374	1607220	142840136	96304925	484768
2025-07-29	433400184	192054569	1617215	142894751	96345688	487961
2025-07-30	433667350	192188973	1630120	142959938	96396561	491758
2025-07-31	433930040	192318764	1647591	143016310	96448379	498996
2025-08-01	434315389	192480341	1657111	143125794	96549542	502601
2025-08-02	434546072	192601076	1665077	143181297	96592748	505874
2025-08-03	434856522	192751846	1674117	143278367	96642850	509342
2025-08-04	435056988	192846963	1684302	143318522	96694190	513011
2025-08-05	435336983	192986046	1695373	143389771	96748630	517163
2025-08-06	435644683	193176132	1703907	143451884	96791976	520784
2025-08-07	435871606	193293687	1712766	143507865	96833141	524147
2025-08-08	436139141	193431536	1721038	143580961	96877804	527802
2025-08-09	436423171	193586813	1729922	143650066	96924851	531519
2025-08-10	436757365	193755648	1750805	143727300	96988567	535045
2025-08-11	437031764	193872425	1760555	143819473	97040498	538813
2025-08-12	437336717	194031420	1769419	143902245	97090599	543034
2025-08-13	437624682	194180198	1777524	143977889	97141370	547701
2025-08-14	437910552	194331721	1786309	144048078	97192481	551963
2025-08-15	438289499	194531387	1795265	144162695	97243756	556396
2025-08-16	438540857	194662240	1803717	144219250	97295029	560621
2025-08-17	438820801	194793971	1811877	144305870	97345063	564020
2025-08-18	438999305	194882188	1819636	144337298	97392989	567194
2025-08-19	439252674	195011669	1829449	144394151	97446271	571134
2025-08-20	439501574	195138755	1839016	144448283	97499825	575695
2025-08-21	439759488	195271642	1848819	144504459	97554392	580176
2025-08-22	440025842	195404642	1859211	144564213	97612550	585226
2025-08-23	440304872	195550054	1869831	144622176	97673030	589781
2025-08-24	440614939	195715946	1879793	144693731	97731503	593966
2025-08-25	440832673	195809027	1889751	144748687	97787265	597943
2025-08-26	441107869	195941684	1900356	144807577	97854920	603332
2025-08-27	441416096	196076302	1910024	144868854	97950784	610132
2025-08-28	441694140	196217910	1919233	144934860	98007604	614533
2025-08-29	441954199	196347922	1929623	144994066	98063187	619401
2025-08-30	442233931	196474118	1939818	145078287	98118094	623614
2025-08-31	442556939	196618506	1949437	145188876	98172430	627690
2025-09-01	442745591	196708306	1959205	145222318	98224275	631487
2025-09-02	443036683	196828788	1968254	145308170	98295651	635820
2025-09-03	443368842	196965863	1979136	145427110	98355955	640778
2025-09-04	443723360	197156639	1989864	145507042	98423800	646015
2025-09-05	444102968	197320360	2007782	145602717	98520728	651381
2025-09-06	444486715	197482424	2019468	145695692	98629233	659898
2025-09-07	444846092	197632559	2030129	145817889	98701265	664250
2025-09-08	445096267	197731229	2042121	145881138	98772665	669114
2025-09-09	445439188	197883492	2057643	145975907	98845287	676859
2025-09-10	445758981	198024884	2068550	146066327	98916616	682604
2025-09-11	446091916	198175412	2079140	146161669	98987424	688271
2025-09-12	446428576	198326340	2090459	146255106	99063294	693377
2025-09-13	446774887	198479406	2106074	146349004	99141149	699254
2025-09-14	447180286	198665296	2125276	146472261	99213354	704099
2025-09-15	447468653	198763923	2147692	146544160	99303774	709104
2025-09-16	447871104	198921610	2159647	146643734	99431152	714961
2025-09-17	448239465	199093492	2171383	146748085	99506011	720494
2025-09-18	448622428	199269780	2182931	146861030	99581978	726709
2025-09-19	448971973	199430090	2194666	146958899	99655811	732507
2025-09-20	449321976	199589138	2205627	147057763	99730435	739013
2025-09-21	449697886	199743493	2216901	147192146	99801788	743558
2025-09-22	449942718	199838992	2226189	147260100	99869530	747907
2025-09-23	450320173	200009193	2237407	147376310	99943053	754210
2025-09-24	450864999	200233068	2255166	147539744	100072629	764392
2025-09-25	451242178	200402767	2266586	147650786	100150913	771126
2025-09-26	451598880	200562656	2276980	147754529	100227187	777528
2025-09-27	451973719	200733665	2290829	147857421	100307111	784693
2025-09-28	452357036	200894722	2304493	147984923	100382234	790664
2025-09-29	452638049	201009020	2316467	148058171	100457944	796447
2025-09-30	452992475	201167811	2327647	148160894	100533964	802159
2025-10-01	453314956	201308746	2338159	148255503	100604475	808073
2025-10-02	453657530	201461163	2348807	148357460	100675249	814851
2025-10-03	454039352	201599730	2360394	148511388	100746661	821179
2025-10-04	454390160	201774538	2370650	148603790	100815134	826048
2025-10-05	454779096	201955425	2380326	148730767	100882058	830520
2025-10-06	455030283	202055582	2390662	148796279	100952554	835206
2025-10-07	455357286	202198061	2402062	148891678	101024286	841199
2025-10-08	455687068	202342050	2414259	148988315	101095909	846535
2025-10-09	456033320	202495611	2426250	149093316	101165708	852435
2025-10-10	456358443	202638152	2437574	149192270	101232859	857588
2025-10-11	456716391	202798742	2451350	149293545	101309442	863312
2025-10-12	457089697	202964448	2462202	149416121	101378732	868194
2025-10-13	457348673	203069181	2472457	149485992	101448083	872960
2025-10-14	457672742	203202805	2482261	149602075	101506896	878705
2025-10-15	458011199	203360338	2493624	149700888	101571767	884582
2025-10-16	458367441	203525104	2505157	149801117	101645870	890193
2025-10-17	458775598	203704028	2532853	149901195	101738787	898735
2025-10-18	459116622	203856983	2545108	149997278	101812874	904379
2025-10-19	459490588	204025548	2557286	150110277	101887962	909515
2025-10-20	459792730	204136519	2568379	150212937	101960511	914384
2025-10-21	460077645	204261188	2577405	150277501	102042274	919277
2025-10-22	460394308	204408925	2587679	150347623	102125290	924791
2025-10-23	460692245	204559003	2598841	150419646	102184086	930669
2025-10-24	461037925	204716150	2612550	150517108	102255072	937045
2025-10-25	461397886	204881111	2624835	150622501	102326629	942810
2025-10-26	461767887	205038085	2635584	150749174	102397056	947988
2025-10-27	462041802	205150803	2647339	150819518	102470799	953343
2025-10-28	462370976	205303801	2658818	150912493	102536419	959445
2025-10-29	462695561	205458909	2670060	151001809	102599270	965513
2025-10-30	462993216	205585044	2681566	151093915	102661571	971120
2025-10-31	463332342	205735749	2693409	151194992	102731611	976581
2025-11-01	463639337	205875209	2703878	151279864	102798861	981525
2025-11-02	464003367	206029896	2714730	151404880	102867677	986184
2025-11-03	464275639	206139752	2726556	151475018	102942787	991526
2025-11-04	464634428	206296918	2741118	151583718	103014869	997805
2025-11-05	464984116	206449959	2756367	151691365	103082677	1003748
2025-11-06	465361064	206614501	2769364	151811479	103155883	1009837
2025-11-07	465737528	206772184	2779635	151918172	103251522	1016015
2025-11-08	466199407	207013984	2791152	152024147	103347683	1022441
2025-11-09	466628635	207234706	2800934	152153336	103412827	1026832
2025-11-10	466884307	207347259	2811881	152214230	103478801	1032136
2025-11-11	467190461	207485469	2821824	152306086	103539980	1037102
2025-11-12	467622659	207658542	2833963	152446818	103638841	1044495
2025-11-13	467986275	207833245	2846167	152545348	103710853	1050662
2025-11-14	468388204	208015867	2862431	152667253	103785875	1056778
2025-11-15	468724835	208166706	2878186	152764674	103853074	1062195
2025-11-16	469097108	208321367	2889796	152890678	103927630	1067637
2025-11-17	469396599	208444913	2923329	152949741	104002521	1076095
2025-11-18	469716825	208595016	2933917	153037310	104069091	1081491
2025-11-19	470041543	208738101	2944001	153138381	104134049	1087011
2025-11-20	470379666	208886324	2955211	153239427	104205838	1092866
2025-11-21	470727321	209039272	2967176	153342450	104279671	1098752
2025-11-22	471067165	209190249	2978752	153436865	104357176	1104123
2025-11-23	471468195	209356499	2990794	153578379	104433042	1109481
2025-11-24	471724902	209454067	3002098	153654743	104499636	1114358
2025-11-25	472057293	209598884	3013543	153757211	104567464	1120191
2025-11-26	472433425	209762539	3024985	153877535	104641860	1126506
2025-11-27	472787232	209912231	3036646	153995019	104710647	1132689
2025-11-28	473140163	210061732	3048728	154113850	104777783	1138070
2025-11-29	473477474	210209598	3061595	154211416	104851047	1143818
2025-11-30	473889635	210383972	3073522	154361380	104922146	1148615
2025-12-01	474154579	210489249	3084529	154435256	104992089	1153456
2025-12-02	474514103	210655558	3096184	154538788	105064166	1159407
2025-12-03	474861968	210811587	3107534	154647036	105130748	1165063
2025-12-04	475204398	210969912	3117965	154751509	105194413	1170599
2025-12-05	475511873	211108888	3128911	154839747	105258130	1176197
2025-12-06	475825574	211255368	3139341	154928276	105321308	1181281
2025-12-07	476163229	211394639	3149967	155045916	105386832	1185875
2025-12-08	476399072	211487976	3160488	155107779	105452438	1190391
2025-12-09	476710171	211624376	3170907	155202667	105516599	1195622
2025-12-10	477051334	211775624	3181489	155311363	105581783	1201075
2025-12-11	477401013	211933110	3191312	155424244	105646214	1206133
2025-12-12	477723479	212075259	3201383	155526698	105709039	1211100
2025-12-13	478020802	212202382	3212213	155615656	105774186	1216365
2025-12-14	478271129	212300989	3222869	155685989	105840299	1220983
2025-12-15	478523898	212397873	3234175	155756896	105909022	1225932
2025-12-16	478872186	212539129	3247167	155858378	105994599	1232913
2025-12-17	479201940	212673094	3258294	155948067	106084068	1238417
2025-12-18	479521373	212815115	3269714	156040634	106151733	1244177
2025-12-19	479835064	212950934	3281558	156133442	106219240	1249890
2025-12-20	480147042	213090491	3293034	156222073	106285836	1255608
2025-12-21	480535203	213257402	3304780	156357567	106354559	1260895
2025-12-22	480789689	213359426	3316690	156424272	106423188	1266113
2025-12-23	481097728	213490987	3333581	156511969	106489818	1271373
2025-12-24	481400660	213624252	3345240	156598053	106556227	1276888
2025-12-25	481663586	213747092	3357387	156655475	106620940	1282692
2025-12-26	481933837	213855492	3385293	156703268	106701959	1287825
2025-12-27	482210689	213980404	3397656	156766394	106772755	1293480
2025-12-28	482577987	214134035	3410845	156887813	106845969	1299325
2025-12-29	482841715	214239516	3423908	156952271	106921081	1304939
2025-12-30	483127820	214355195	3436429	157033223	106992194	1310779
2025-12-31	483416398	214469991	3448801	157118397	107062382	1316827
2026-01-01	483673222	214567649	3461316	157188352	107133703	1322202
2026-01-02	483919149	214657814	3473487	157255985	107204389	1327474
2026-01-03	484173589	214763456	3484631	157324428	107268755	1332319
2026-01-04	484540601	214917062	3497056	157448686	107340189	1337608
2026-01-05	484865554	215081755	3509835	157517678	107412803	1343483
2026-01-06	485255354	215229082	3530537	157606868	107538838	1350029
2026-01-07	485604066	215352069	3541519	157754657	107600297	1355524
2026-01-08	485908493	215485991	3552382	157845804	107662572	1361744
2026-01-09	486187394	215610199	3560584	157935335	107714430	1366846
2026-01-10	486427085	215718929	3566994	158011835	107758176	1371151
2026-01-11	486750268	215875412	3573278	158125573	107800869	1375136
2026-01-12	487047515	215956182	3586895	158229681	107895289	1379468
2026-01-13	487293246	216066296	3593551	158309676	107939357	1384366
2026-01-14	487555559	216183118	3600803	158396559	107984723	1390356
2026-01-15	487810978	216299290	3607648	158479328	108029129	1395583
2026-01-16	488062534	216410346	3614450	158565867	108071662	1400209
2026-01-17	488318204	216526914	3621945	158649773	108114503	1405069
2026-01-18	488608841	216644658	3629474	158764785	108159923	1410001
2026-01-19	488789863	216710403	3636930	158818356	108204580	1419594
2026-01-20	489036578	216819166	3643884	158899645	108248852	1425031
2026-01-21	489321088	216940062	3650920	158991137	108308955	1430014
2026-01-26	490843296	217640466	3692056	159477465	108572822	1460487
2026-01-27	490898688	217659393	3693753	159499204	108584864	1461474
2026-01-28	491223084	217812199	3716715	159590254	108636303	1467613
2026-01-29	491503932	217936224	3724280	159677305	108692463	1473660
2026-01-30	491784799	218064510	3731100	159771486	108738290	1479413
2026-01-31	492060799	218190685	3738579	159860960	108785906	1484669
2026-02-01	492409187	218345142	3746000	159994827	108833534	1489684
2026-02-02	492651443	218456571	3753074	160068231	108878647	1494920
2026-02-03	492909610	218567923	3759255	160163254	108919085	1500093
2026-02-04	493176845	218683114	3766673	160254677	108962288	1510093
2026-02-05	493529600	218810455	3778002	160356129	109068994	1516020
2026-02-06	493794574	218922045	3786645	160448083	109116088	1521713
2026-02-07	494065616	219044578	3794726	160535312	109163340	1527660
2026-02-08	494380677	219158875	3818326	160658476	109212206	1532794
2026-02-09	494584198	219230215	3827059	160727586	109260986	1538352
2026-02-10	494880501	219356261	3836008	160829653	109308343	1550236
2026-02-11	495171895	219472911	3843764	160918282	109376518	1560420
2026-02-12	495488991	219599543	3852889	161016637	109453326	1566596
2026-02-13	495802134	219741769	3863130	161122422	109501634	1573179
2026-02-14	496208178	219929194	3882728	161251326	109562910	1582020
2026-02-15	496574113	220083586	3895576	161382518	109622532	1589901
2026-02-16	496818941	220184237	3908956	161445716	109681858	1598174
2026-02-17	497204076	220360755	3922570	161566812	109742549	1611390
2026-02-18	497602452	220554696	3935227	161684335	109808184	1620010
2026-02-19	497914086	220697560	3943020	161788887	109858434	1626185
2026-02-20	498212315	220835921	3951872	161887040	109904694	1632788
2026-02-21	498546393	220994393	3961097	161994971	109956129	1639803
2026-02-22	498908239	221151571	3970512	162133828	110006498	1645830
2026-02-23	499140534	221246400	3979427	162207623	110054282	1652802
2026-02-24	499421944	221369652	3988035	162304222	110100961	1659074
2026-02-25	499721012	221507700	3996374	162403697	110147555	1665686
2026-02-26	499993892	221627984	4006288	162493398	110193703	1672519
2026-02-27	500299199	221769010	4015901	162593558	110241712	1679018
2026-02-28	500601884	221916107	4025916	162686753	110287635	1685473
2026-03-01	500938843	222054518	4036507	162820008	110336324	1691486
2026-03-02	501186092	222145973	4047064	162909705	110385919	1697431
2026-03-03	501495275	222278733	4057741	163021190	110433602	1704009
2026-03-04	501848373	222435169	4068693	163149202	110483703	1711606
2026-03-05	502176172	222575898	4079898	163262924	110538667	1718785
2026-03-06	502471286	222710067	4089485	163363847	110582999	1724888
2026-03-07	502832092	222890761	4102506	163475833	110631039	1731953
2026-03-08	503241891	223068850	4116101	163639233	110679436	1738271
2026-03-09	503488333	223152445	4126906	163735526	110728994	1744462
2026-03-10	503819380	223300000	4139585	163848199	110779989	1751607
2026-03-11	504139566	223442011	4151177	163956148	110831490	1758740
2026-03-12	504504379	223611238	4161075	164081252	110884961	1765853
2026-03-13	504857932	223764128	4180308	164200274	110935888	1777334
2026-03-14	505211529	223930537	4191434	164317303	110985454	1786801
2026-03-15	505555594	224076799	4201079	164448780	111036141	1792795
2026-03-16	505782192	224162584	4211407	164521181	111088007	1799013
2026-03-17	506105529	224304101	4223385	164634266	111137600	1806177
2026-03-18	506435908	224455152	4233019	164751370	111183921	1812446
2026-03-19	506767617	224602266	4245821	164864992	111234913	1819625
2026-03-20	507098133	224747476	4256936	164979513	111287350	1826858
2026-03-21	507413609	224893432	4267279	165079995	111338022	1834881
2026-03-22	507757132	225030239	4280716	165214270	111390705	1841202
2026-03-23	507990484	225121080	4292441	165287455	111441958	1847550
2026-03-24	508313969	225268040	4302103	165398034	111491477	1854315
2026-03-25	508629227	225408081	4312963	165506029	111541118	1861036
2026-03-26	508960531	225559171	4324290	165616408	111591629	1869033
2026-03-27	509274614	225713475	4336357	165714045	111634122	1876615
2026-03-28	509577391	225859267	4350592	165801022	111682327	1884183
2026-03-29	509822016	225953168	4365540	165872672	111739355	1891281
2026-03-30	510070773	226046636	4377519	165950012	111798150	1898456
2026-03-31	510474159	226264236	4388735	166068401	111846665	1906122
2026-04-01	510870251	226415320	4399143	166245474	111897007	1913307
2026-04-02	511195963	226562296	4408184	166364372	111942175	1918936
2026-04-03	511541046	226720953	4420159	166475286	111998160	1926488
2026-04-04	511825667	226843128	4432833	166565676	112050175	1933855
2026-04-05	512069584	226942078	4446382	166634692	112105382	1941050
2026-04-06	512332604	227061345	4457190	166706236	112160154	1947679
2026-04-07	512825696	227273426	4477354	166890148	112224769	1959999
2026-04-08	513185035	227444600	4488726	167006708	112277566	1967435
2026-04-09	513719401	227729301	4500366	167187718	112326396	1975620
2026-04-10	514414036	228087681	4514364	167396911	112432316	1982764
2026-04-11	514758104	228236084	4542169	167505294	112484608	1989949
2026-04-12	514993289	228322856	4553157	167583531	112536966	1996779
2026-04-13	515356116	228500887	4565108	167696104	112589917	2004100
2026-04-14	515713407	228643328	4575724	167846580	112636448	2011327
2026-04-15	516100844	228828413	4586722	167964507	112703144	2018058
2026-04-16	516579511	229045824	4600399	168165543	112740289	2027456
2026-04-17	516860646	229186859	4615854	168248249	112772399	2037285
2026-04-18	517159738	229343131	4629905	168330116	112806047	2050539
2026-04-19	517486635	229491277	4643320	168445407	112845866	2060765
2026-04-20	517701060	229590739	4657939	168495654	112886405	2070323
2026-04-21	518022324	229758644	4670891	168592635	112920646	2079508
2026-04-22	518335669	229925928	4682291	168686355	112952098	2088997
2026-04-23	518659917	230090979	4694657	168786430	112989599	2098252
2026-04-24	518945148	230239979	4705543	168874515	113018539	2106572
2026-04-25	519199444	230379784	4717291	168940034	113047523	2114812
2026-04-26	519548823	230524950	4731165	169070520	113096520	2125668
2026-04-27	519794220	230618376	4744265	169147595	113149580	2134404
2026-04-28	520127385	230769569	4755452	169268332	113192288	2141744
2026-04-29	520426919	230903336	4766026	169376525	113232347	2148685
2026-04-30	520750182	231047230	4777850	169488948	113278213	2157941
2026-05-01	521089892	231201284	4790851	169602392	113323271	2172094
2026-05-02	521375613	231330793	4803970	169690069	113369613	2181168
2026-05-03	521745041	231475901	4826849	169829630	113422838	2189823
2026-05-04	521976535	231563520	4840445	169901060	113473740	2197770
2026-05-05	522269685	231690606	4851383	170009087	113513928	2204681
2026-05-06	522578729	231826444	4862852	170118098	113557668	2213667
2026-05-07	522913338	231975893	4873261	170236651	113604247	2223286
2026-05-08	523246605	232131340	4885393	170350816	113648476	2230580
2026-05-09	523570979	232282961	4897330	170458772	113692987	2238929
2026-05-10	523965761	232423795	4920152	170599012	113775841	2246961
2026-05-11	524240949	232517028	4934175	170681742	113853311	2254693
2026-05-12	524568227	232661602	4945427	170801944	113892333	2266921
2026-05-13	524915713	232819431	4955887	170925016	113939949	2275430
2026-05-14	525298283	232993813	4970257	171064361	113986420	2283432
2026-05-15	525616794	233132738	4981407	171179984	114031357	2291308
2026-05-16	525934871	233285779	4991598	171283003	114073439	2301052
2026-05-17	526288262	233421929	5003013	171424060	114128270	2310990
2026-05-18	526539422	233513573	5016898	171503551	114186584	2318816
2026-05-19	526871018	233657468	5027693	171623875	114236017	2325965
2026-05-20	527190964	233799088	5036146	171742456	114280441	2332833
2026-05-21	527526848	233949184	5046737	171864912	114325307	2340708
2026-05-22	527918176	234100602	5059984	171984297	114426180	2347113
2026-05-23	528249344	234261159	5072595	172095322	114466807	2353461
2026-05-24	528616844	234409259	5085217	172245520	114516122	2360726
2026-05-25	528877674	234514351	5097346	172332976	114564704	2368297
2026-05-26	529171664	234643895	5108712	172438472	114605777	2374808
2026-05-27	529537421	234811254	5137547	172555481	114651182	2381957
2026-05-28	529874981	234949400	5148973	172675212	114704490	2396906
2026-05-29	530173540	235078941	5158851	172788852	114742623	2404273
2026-05-30	530464299	235209007	5177106	172889009	114778500	2410677
2026-05-31	530835108	235349987	5189881	173052960	114824456	2417824
2026-06-01	531055113	235430494	5202382	173129852	114867610	2424775
2026-06-02	531333925	235551730	5214155	173243563	114895643	2428834
2026-06-03	531658502	235690784	5225634	173378521	114928940	2434623
2026-06-04	531961646	235814771	5246013	173493272	114967331	2440259
2026-06-05	532291594	235954916	5264677	173616785	115008085	2447131
2026-06-06	532630637	236108508	5280069	173741596	115045374	2455090
2026-06-07	532973759	236234784	5298196	173889278	115089772	2461729
2026-06-08	533200875	236308144	5318697	173971494	115133650	2468890
2026-06-09	533582408	236455746	5342186	174119458	115185047	2479971
2026-06-10	533919618	236593949	5363387	174248775	115225220	2488287
2026-06-11	534281944	236742881	5387525	174392091	115263676	2495771
2026-06-12	534677983	236899612	5408504	174543470	115313441	2512956
2026-06-13	534984495	237039420	5421435	174659581	115344579	2519480
2026-06-14	535318431	237169509	5436464	174807601	115379763	2525094
2026-06-15	535546954	237250681	5460888	174892189	115412949	2530247
2026-06-16	535849864	237382777	5471446	175013487	115445014	2537140
2026-06-17	536162145	237511128	5483508	175142781	115479683	2545045
2026-06-18	536441655	237626625	5494452	175256672	115512363	2551543
2026-06-19	536770693	237757328	5508542	175384336	115556374	2564113
2026-06-20	537015933	237860301	5519414	175473113	115591642	2571463
2026-06-21	537319945	237973426	5530693	175612571	115626233	2577022
2026-06-22	537526126	238046169	5540559	175693021	115663505	2582872
